match_id,Controller,Duelist,Initiator,Sentinel,won
427991,1,2,1,1,0
427991,2,1,1,1,0
427991,1,1,2,1,1
427991,1,1,2,1,1
427992,2,1,2,0,1
427992,2,1,2,0,1
427992,1,1,1,2,0
427992,1,1,2,1,0
427993,2,1,1,1,1
427993,1,1,2,1,1
427993,1,1,2,1,0
427993,2,1,1,1,0
427994,1,1,2,1,0
427994,1,1,2,1,0
427994,1,1,2,1,1
427994,1,1,2,1,1
427995,1,1,2,1,0
427995,2,1,1,1,0
427995,1,1,2,1,1
427995,1,1,2,1,1
427996,2,1,2,0,0
427996,1,1,2,1,0
427996,1,1,2,1,1
427996,2,1,2,0,1
427996,1,1,2,1,1
427996,2,1,2,0,0
427997,2,1,2,0,0
427997,1,1,2,1,0
427997,1,1,2,1,1
427997,2,1,2,0,1
427998,1,1,2,1,0
427998,2,1,1,1,0
427998,1,1,2,1,1
427998,2,1,1,1,1
427999,1,1,2,1,1
427999,1,1,2,1,0
427999,1,1,2,1,0
427999,1,1,2,1,0
427999,1,1,2,1,1
427999,2,1,2,0,1
428000,1,1,2,1,1
428000,1,1,1,2,1
428000,1,1,2,1,0
428000,1,1,2,1,0
428001,1,1,2,1,1
428001,1,1,1,2,1
428001,2,1,2,0,0
428001,1,1,2,1,0
428002,1,1,2,1,0
428002,1,1,2,1,1
428002,1,1,2,1,1
428002,1,1,1,2,1
428002,2,1,2,0,0
428002,2,1,2,0,1
428002,1,1,2,1,0
428002,1,2,1,1,0
428002,1,1,2,1,0
428002,2,1,2,0,1
428003,2,1,1,1,1
428003,1,1,2,1,1
428003,1,1,2,1,0
428003,1,1,1,2,0
428004,2,1,2,0,0
428004,1,1,2,1,1
428004,1,1,2,1,0
428004,1,1,2,1,1
428004,2,1,1,1,0
428004,1,1,2,1,1
428005,2,1,2,0,0
428005,2,1,2,0,1
428005,1,1,2,1,0
428005,2,1,2,0,1
428005,1,1,2,1,0
428005,1,1,2,1,1
428006,2,2,1,0,0
428006,2,1,2,0,0
428006,2,1,2,0,1
428006,2,1,1,1,1
428007,2,1,1,1,0
428007,2,1,1,1,0
428007,1,1,2,1,1
428007,2,2,1,0,1
428008,2,1,2,0,1
428008,2,1,1,1,1
428008,1,1,2,1,0
428008,2,1,1,1,0
428008,2,1,2,0,0
428008,1,1,2,1,1
428009,2,1,1,1,1
428009,1,2,1,1,0
428009,2,1,1,1,0
428009,1,1,2,1,0
428009,1,1,2,1,1
428009,2,2,1,0,1
428010,2,1,1,1,1
428010,1,1,2,1,1
428010,1,1,2,1,0
428010,1,1,2,1,0
428011,2,1,2,0,0
428011,2,1,1,1,1
428011,2,1,1,1,0
428011,1,1,2,1,1
428011,2,2,1,0,0
428011,2,2,1,0,1
428012,1,1,2,1,0
428012,1,2,1,1,0
428012,1,1,2,1,1
428012,2,2,1,0,0
428012,2,1,2,0,1
428012,2,1,1,1,1
428012,1,1,2,1,0
428012,2,1,2,0,1
429379,1,1,2,1,0
429379,2,1,2,0,0
429379,1,1,1,2,1
429379,1,1,2,1,1
429379,2,1,2,0,1
429379,1,0,2,2,0
429380,2,1,1,1,0
429380,1,1,1,2,1
429380,2,1,1,1,1
429380,2,1,2,0,1
429380,1,1,2,1,0
429380,2,0,1,2,0
429381,1,1,2,1,0
429381,1,1,2,1,1
429381,1,1,1,2,1
429381,1,1,2,1,1
429381,2,1,1,1,0
429381,1,1,2,1,0
429382,1,1,2,1,0
429382,1,1,2,1,0
429382,1,1,2,1,1
429382,1,1,2,1,1
429383,1,1,2,1,1
429383,1,1,2,1,1
429383,1,0,2,2,0
429383,1,1,2,1,0
429384,2,1,1,1,0
429384,1,1,1,2,1
429384,2,1,1,1,0
429384,1,1,3,0,1
429384,2,1,2,0,0
429384,1,2,1,1,1
429385,1,1,2,1,1
429385,1,2,1,1,0
429385,2,2,1,0,1
429385,2,1,2,0,0
429385,1,1,2,1,1
429385,1,2,1,1,0
429386,2,2,1,0,1
429386,1,1,2,1,0
429386,1,1,2,1,0
429386,1,1,2,1,0
429386,1,1,2,1,1
429386,1,1,2,1,1
429387,2,1,2,0,0
429387,1,1,2,1,0
429387,2,1,2,0,1
429387,2,1,2,0,1
429388,1,1,2,1,0
429388,1,1,1,2,0
429388,2,1,1,1,1
429388,1,1,2,1,1
429389,1,1,2,1,0
429389,1,1,2,1,0
429389,1,1,3,0,1
429389,1,2,1,1,1
429390,2,1,2,0,0
429390,1,1,2,1,0
429390,1,1,2,1,1
429390,2,2,1,0,0
429390,2,2,1,0,1
429390,2,1,2,0,1
429390,1,1,2,1,1
429390,1,2,1,1,0
429390,2,1,1,1,1
429390,2,1,2,0,0
429391,1,1,2,1,1
429391,1,1,2,1,0
429391,1,1,2,1,1
429391,1,1,2,1,0
429391,1,1,1,2,1
429391,1,1,1,2,0
429392,1,1,2,1,0
429392,1,2,1,1,1
429392,1,1,2,1,1
429392,1,1,2,1,1
429392,1,1,2,1,0
429392,1,1,2,1,0
429393,2,1,2,0,0
429393,1,1,2,1,1
429393,2,1,1,1,1
429393,1,1,1,2,1
429393,1,1,2,1,0
429393,2,1,1,1,0
429394,1,1,2,1,0
429394,1,1,2,1,0
429394,1,2,1,1,1
429394,1,1,2,1,1
429394,1,1,2,1,1
429394,1,1,2,1,0
429395,1,2,2,0,1
429395,1,1,2,1,1
429395,2,2,1,0,0
429395,1,1,2,1,0
429396,1,1,2,1,0
429396,2,1,1,1,0
429396,1,1,2,1,1
429396,2,2,1,0,1
429397,1,2,2,0,0
429397,1,1,2,1,0
429397,1,1,2,1,1
429397,1,1,2,1,1
429398,1,1,1,2,0
429398,1,1,1,2,1
429398,2,2,1,0,0
429398,2,1,2,0,1
429398,1,1,2,1,0
429398,2,2,1,0,1
429400,1,1,2,1,0
429400,2,1,1,1,1
429400,1,1,2,1,0
429400,1,1,2,1,1
429400,2,1,2,0,0
429400,1,1,2,1,1
429401,1,1,2,1,0
429401,1,1,2,1,0
429401,2,1,1,1,0
429401,1,1,2,1,1
429401,1,1,2,1,1
429401,2,2,1,0,1
430514,1,1,2,1,1
430514,1,1,2,1,0
430514,1,1,2,1,0
430514,1,1,2,1,0
430514,1,2,1,1,1
430514,1,2,1,1,1
430515,1,1,2,1,1
430515,1,1,2,1,1
430515,1,1,2,1,0
430515,1,1,2,1,0
430516,2,1,2,0,0
430516,1,1,1,2,1
430516,1,1,1,2,1
430516,1,1,2,1,1
430516,1,1,2,1,0
430516,1,1,1,2,0
430517,2,1,2,0,1
430517,1,1,2,1,0
430517,1,2,1,1,0
430517,2,1,2,0,0
430517,1,1,2,1,1
430517,1,2,1,1,1
430518,2,1,1,1,0
430518,1,1,2,1,1
430518,1,2,1,1,0
430518,1,1,2,1,1
430518,1,2,1,1,0
430518,2,1,1,1,1
430519,1,1,2,1,0
430519,1,0,1,3,0
430519,1,1,1,2,1
430519,2,1,1,1,1
430519,2,1,1,1,1
430519,1,2,2,0,0
430520,1,1,2,1,0
430520,2,1,1,1,1
430520,2,1,1,1,1
430520,1,1,2,1,1
430520,1,1,2,1,0
430520,2,1,1,1,0
430521,1,1,2,1,1
430521,2,1,2,0,1
430521,1,1,2,1,0
430521,1,1,2,1,0
430521,2,1,1,1,0
430521,1,1,1,2,1
430522,1,1,2,1,0
430522,1,1,2,1,1
430522,1,2,1,1,1
430522,1,1,2,1,1
430522,1,1,2,1,0
430522,1,1,2,1,0
430523,1,1,2,1,1
430523,2,1,2,0,1
430523,1,1,2,1,0
430523,2,1,2,0,0
430524,1,1,2,1,1
430524,1,1,2,1,1
430524,1,1,2,1,0
430524,1,1,2,1,0
430524,1,2,1,1,0
430524,1,2,1,1,1
430525,1,1,2,1,1
430525,2,1,2,0,0
430525,1,1,2,1,1
430525,2,1,2,0,0
430525,1,1,2,1,1
430525,1,1,2,1,0
430525,1,1,2,1,1
430525,1,1,2,1,0
430525,1,2,1,1,1
430525,2,1,1,1,0
430526,1,1,2,1,1
430526,2,1,1,1,0
430526,1,1,2,1,0
430526,1,1,1,2,0
430526,2,1,1,1,1
430526,1,1,1,2,1
430527,1,1,2,1,1
430527,2,1,1,1,0
430527,1,2,1,1,1
430527,1,1,2,1,0
430527,2,1,1,1,1
430527,1,1,2,1,0
430528,2,1,2,0,1
430528,1,1,1,2,1
430528,1,1,2,1,0
430528,1,1,1,2,0
430529,1,1,2,1,1
430529,1,2,1,1,1
430529,1,1,2,1,0
430529,1,1,2,1,0
430530,1,1,2,1,0
430530,2,1,1,1,1
430530,1,1,2,1,1
430530,1,1,2,1,1
430530,2,1,1,1,0
430530,1,2,1,1,0
430531,2,1,2,0,1
430531,1,1,2,1,1
430531,1,1,2,1,0
430531,1,2,1,1,0
430532,2,1,1,1,0
430532,2,1,1,1,1
430532,1,1,2,1,0
430532,1,1,2,1,1
430532,2,1,1,1,0
430532,1,1,1,2,1
430533,2,1,2,0,0
430533,2,1,1,1,0
430533,1,1,2,1,1
430533,2,1,1,1,1
430534,2,1,2,0,1
430534,2,1,1,1,1
430534,1,1,2,1,0
430534,1,1,2,1,0
430535,2,1,2,0,0
430535,2,1,1,1,1
430535,2,1,1,1,0
430535,1,1,2,1,0
430535,1,1,2,1,1
430535,1,1,2,1,1
430535,1,2,1,1,0
430535,1,2,1,1,1
430535,1,2,1,1,1
430535,2,2,1,0,0
430837,1,1,2,1,0
430837,1,1,1,2,0
430837,1,1,2,1,1
430837,2,1,1,1,1
430838,2,2,1,0,0
430838,1,1,2,1,0
430838,1,1,2,1,1
430838,1,1,2,1,1
430839,2,1,2,0,1
430839,1,1,1,2,1
430839,1,1,2,1,0
430839,2,2,1,0,0
430839,1,1,1,2,0
430839,1,1,2,1,1
430840,2,2,1,0,0
430840,1,1,2,1,0
430840,1,1,2,1,1
430840,1,1,1,2,1
430841,2,1,1,1,1
430841,2,1,1,1,0
430841,2,1,1,1,1
430841,1,1,2,1,0
430841,1,1,2,1,1
430841,1,1,2,1,0
430842,3,1,1,0,0
430842,2,1,1,1,1
430842,2,1,1,1,1
430842,1,1,2,1,1
430842,1,1,2,1,0
430842,1,1,2,1,0
430843,2,1,2,0,0
430843,1,1,2,1,0
430843,1,1,2,1,1
430843,1,2,1,1,1
430844,1,1,2,1,1
430844,2,1,2,0,1
430844,1,2,1,1,0
430844,1,1,1,2,0
430845,2,1,1,1,1
430845,2,1,1,1,1
430845,2,2,1,0,0
430845,2,2,1,0,0
430846,2,1,2,0,0
430846,2,1,2,0,0
430846,1,1,1,2,1
430846,2,1,1,1,1
430847,2,1,1,1,0
430847,2,1,1,1,1
430847,2,1,1,1,0
430847,1,1,1,2,1
430847,1,1,2,1,0
430847,2,1,1,1,1
430848,2,1,2,0,1
430848,1,1,2,1,1
430848,1,1,2,1,1
430848,2,1,2,0,0
430848,1,1,2,1,0
430848,1,1,1,2,0
430848,1,1,2,1,0
430848,2,1,1,1,1
430849,1,1,2,1,0
430849,1,2,1,1,1
430849,1,1,1,2,1
430849,1,1,2,1,1
430849,1,1,2,1,0
430849,1,1,1,2,0
430850,1,1,2,1,1
430850,1,1,2,1,1
430850,1,1,2,1,0
430850,1,2,1,1,0
430851,2,1,2,0,1
430851,1,1,2,1,1
430851,1,1,2,1,0
430851,1,1,2,1,0
430853,2,1,1,1,1
430853,1,1,2,1,0
430853,1,1,2,1,0
430853,1,1,2,1,0
430853,2,1,2,0,1
430853,1,1,2,1,1
430854,1,1,1,2,1
430854,1,1,2,1,1
430854,1,1,1,2,0
430854,1,1,1,2,0
430855,1,1,2,1,0
430855,1,1,2,1,0
430855,1,1,2,1,1
430855,2,1,2,0,1
430855,1,1,2,1,1
430855,1,1,2,1,0
430856,2,1,2,0,1
430856,1,1,2,1,1
430856,1,1,2,1,0
430856,3,1,1,0,0
430856,2,1,2,0,0
430856,2,1,1,1,1
430857,1,1,2,1,1
430857,1,1,2,1,1
430857,2,1,2,0,0
430857,2,1,2,0,0
430857,1,1,2,1,0
430857,1,1,2,1,1
430858,1,1,2,1,0
430858,1,1,2,1,0
430858,1,1,2,1,1
430858,1,1,2,1,1
430860,2,1,1,1,0
430860,2,1,1,1,0
430860,1,1,2,1,0
430860,1,1,2,1,1
430860,2,1,2,0,1
430860,1,1,2,1,1
448597,1,1,2,1,1
448597,2,1,2,0,1
448597,2,1,2,0,0
448597,2,1,1,1,0
448598,1,1,2,1,1
448598,2,1,2,0,1
448598,1,1,1,2,0
448598,2,2,1,0,0
448599,1,1,2,1,0
448599,1,1,2,1,0
448599,2,1,2,0,1
448599,1,1,2,1,1
448600,1,1,2,1,1
448600,1,1,2,1,1
448600,1,1,2,1,0
448600,2,1,1,1,0
449000,1,1,2,1,1
449000,1,1,2,1,0
449000,1,1,2,1,0
449000,1,1,3,0,0
449000,2,1,2,0,1
449000,2,1,2,0,1
449001,1,1,2,1,1
449001,1,1,2,1,1
449001,1,1,2,1,0
449001,2,1,2,0,0
449001,1,1,2,1,0
449001,1,1,1,2,1
449002,1,2,1,1,1
449002,1,2,1,1,1
449002,1,1,2,1,0
449002,2,1,1,1,0
449003,2,1,2,0,0
449003,2,1,2,0,0
449003,2,1,1,1,1
449003,1,1,2,1,1
449003,2,1,2,0,1
449003,1,1,2,1,0
449004,1,1,2,1,0
449004,1,1,2,1,0
449004,1,1,2,1,1
449004,1,2,1,1,1
449005,1,1,2,1,1
449005,2,1,2,0,1
449005,1,1,2,1,0
449005,1,1,2,1,0
449008,1,1,2,1,0
449008,1,1,2,1,1
449008,2,1,2,0,1
449008,1,1,2,1,1
449008,1,2,1,1,0
449008,2,2,1,0,0
449009,1,1,2,1,1
449009,2,1,2,0,1
449009,2,1,2,0,0
449009,2,1,1,1,0
449010,2,1,2,0,0
449010,2,1,2,0,0
449010,2,1,2,0,1
449010,2,1,2,0,1
449011,1,1,2,1,1
449011,1,1,2,1,0
449011,2,1,2,0,1
449011,1,1,1,2,0
449011,2,1,2,0,0
449011,1,2,2,0,0
449011,1,2,1,1,1
449011,1,2,1,1,0
449011,1,2,1,1,1
449011,2,2,1,0,1
449012,1,2,1,1,1
449012,1,2,1,1,0
449012,2,2,1,0,1
449012,1,2,1,1,0
449012,2,1,1,1,1
449012,2,1,2,0,0
449013,1,1,2,1,0
449013,1,1,2,1,1
449013,1,1,2,1,0
449013,2,1,2,0,0
449013,1,1,2,1,1
449013,1,1,2,1,0
449013,1,2,1,1,1
449013,2,2,1,0,1
450047,1,1,2,1,1
450047,2,1,1,1,1
450047,1,1,2,1,0
450047,1,1,2,1,0
450047,1,1,2,1,0
450047,1,1,2,1,1
450048,2,1,2,0,1
450048,1,2,1,1,0
450048,1,1,2,1,0
450048,2,1,2,0,0
450048,1,2,1,1,1
450048,2,1,2,0,1
450049,1,1,2,1,1
450049,1,1,2,1,1
450049,1,1,2,1,0
450049,1,1,1,2,0
450050,1,1,2,1,1
450050,1,1,2,1,1
450050,1,1,2,1,0
450050,1,1,2,1,0
450051,1,2,1,1,0
450051,1,1,2,1,0
450051,1,1,2,1,1
450051,1,1,1,2,1
450052,2,1,1,1,1
450052,1,1,2,1,1
450052,1,2,1,1,0
450052,1,1,2,1,0
450053,1,1,2,1,0
450053,1,1,2,1,0
450053,1,1,2,1,1
450053,1,1,2,1,1
450054,2,1,1,1,1
450054,1,1,2,1,0
450054,2,1,1,1,1
450054,1,1,2,1,0
450054,1,1,2,1,1
450054,1,1,2,1,0
450055,1,1,2,1,0
450055,2,1,2,0,0
450055,1,1,2,1,1
450055,1,1,2,1,1
450056,1,1,2,1,0
450056,1,2,1,1,0
450056,1,1,2,1,1
450056,1,1,1,2,1
450057,1,1,2,1,0
450057,2,1,1,1,0
450057,1,1,2,1,1
450057,1,1,2,1,1
450057,1,1,2,1,1
450057,1,1,2,1,0
450058,1,1,2,1,1
450058,2,1,1,1,0
450058,1,1,2,1,1
450058,1,1,2,1,0
450058,1,1,2,1,1
450058,1,1,2,1,0
450059,1,2,1,1,0
450059,2,1,1,1,0
450059,1,1,2,1,1
450059,2,1,2,0,1
450060,1,1,2,1,0
450060,1,1,1,2,0
450060,1,1,2,1,1
450060,1,1,2,1,1
450061,1,1,2,1,1
450061,1,1,2,1,0
450061,2,1,2,0,0
450061,1,1,2,1,0
450061,1,1,2,1,1
450061,1,1,2,1,1
450062,2,1,1,1,1
450062,2,1,1,1,0
450062,1,1,2,1,0
450062,1,1,1,2,0
450062,1,1,2,1,1
450062,1,1,1,2,1
450063,1,1,2,1,0
450063,2,1,2,0,0
450063,1,1,2,1,1
450063,1,1,1,2,1
450064,1,1,2,1,0
450064,1,2,1,1,0
450064,1,1,2,1,1
450064,1,1,2,1,1
450065,2,1,1,1,1
450065,1,2,1,1,1
450065,1,1,2,1,0
450065,2,1,1,1,0
450066,1,1,2,1,1
450066,1,1,2,1,1
450066,2,1,2,0,0
450066,1,1,2,1,0
450066,1,1,2,1,0
450066,2,1,2,0,1
450067,1,2,1,1,0
450067,1,1,1,2,0
450067,1,1,2,1,1
450067,2,1,2,0,1
450068,1,1,2,1,1
450068,1,1,2,1,1
450068,2,1,2,0,0
450068,1,1,2,1,0
450068,1,1,2,1,0
450068,1,1,2,1,1
450069,1,1,2,1,0
450069,1,1,1,2,1
450069,1,1,1,2,1
450069,1,1,2,1,1
450069,1,1,2,1,0
450069,2,2,1,0,0
450070,2,1,2,0,1
450070,1,1,1,2,0
450070,2,1,2,0,0
450070,1,1,2,1,0
450070,1,1,1,2,1
450070,1,1,2,1,1
450071,1,1,2,1,0
450071,1,1,2,1,1
450071,2,1,2,0,0
450071,1,1,2,1,1
450071,1,1,2,1,0
450071,1,1,2,1,1
450072,1,1,2,1,0
450072,1,2,1,1,1
450072,1,1,2,1,0
450072,1,1,2,1,1
450072,1,1,2,1,0
450072,2,2,1,0,1
450073,1,1,2,1,1
450073,2,1,1,1,0
450073,1,1,2,1,0
450073,1,1,2,1,0
450073,2,1,2,0,1
450073,1,1,1,2,1
450074,1,1,2,1,1
450074,1,1,2,1,0
450074,2,1,2,0,0
450074,1,1,2,1,0
450074,1,1,2,1,1
450074,2,1,2,0,1
450075,1,1,2,1,0
450075,1,1,1,2,0
450075,1,1,2,1,1
450075,2,1,1,1,1
450076,1,1,2,1,1
450076,1,2,1,1,1
450076,1,1,2,1,0
450076,2,1,2,0,0
458805,2,1,1,1,0
458805,1,1,1,2,0
458805,1,1,2,1,1
458805,1,1,1,2,1
458806,1,1,2,1,1
458806,1,2,1,1,1
458806,2,2,1,0,0
458806,1,1,2,1,0
458806,1,1,2,1,0
458806,2,1,2,0,1
458807,1,2,1,1,1
458807,2,1,1,1,0
458807,1,2,1,1,1
458807,1,1,2,1,0
458807,1,1,3,0,1
458807,2,1,2,0,0
458808,1,1,2,1,1
458808,1,2,1,1,1
458808,1,1,2,1,0
458808,1,1,2,1,0
458808,1,1,2,1,0
458808,1,1,1,2,1
458809,1,1,2,1,1
458809,1,1,2,1,1
458809,1,1,2,1,0
458809,2,1,1,1,0
458810,1,1,2,1,0
458810,1,1,1,2,1
458810,2,1,1,1,1
458810,1,1,2,1,1
458810,1,1,2,1,0
458810,2,1,2,0,0
458811,1,1,2,1,0
458811,1,1,2,1,0
458811,1,2,1,1,1
458811,1,2,1,1,1
458812,1,1,2,1,0
458812,2,1,1,1,0
458812,1,1,2,1,1
458812,2,2,1,0,1
458813,1,1,2,1,0
458813,2,1,1,1,1
458813,2,1,1,1,1
458813,1,1,2,1,1
458813,1,1,2,1,0
458813,2,1,2,0,0
458814,1,1,2,1,1
458814,1,2,1,1,1
458814,1,1,3,0,0
458814,2,1,1,1,0
458815,1,1,2,1,1
458815,2,1,2,0,1
458815,1,1,1,2,0
458815,1,1,2,1,0
458816,1,1,2,1,1
458816,2,1,2,0,1
458816,1,2,1,1,0
458816,1,1,2,1,0
458817,1,1,2,1,0
458817,2,1,1,1,0
458817,1,1,2,1,1
458817,2,1,1,1,1
458818,1,2,1,1,1
458818,2,1,2,0,1
458818,1,1,2,1,0
458818,2,1,2,0,0
458819,1,1,2,1,0
458819,1,1,2,1,1
458819,1,1,2,1,1
458819,1,1,2,1,1
458819,1,1,2,1,0
458819,1,2,1,1,0
458820,1,1,2,1,0
458820,1,1,2,1,1
458820,1,2,1,1,0
458820,1,1,2,1,1
458820,1,2,1,1,0
458820,1,1,2,1,1
458821,1,2,1,1,1
458821,2,2,1,0,1
458821,1,1,1,2,0
458821,1,1,1,2,0
458822,1,2,1,1,1
458822,1,1,2,1,0
458822,2,2,1,0,1
458822,1,1,2,1,0
458822,1,1,2,1,1
458822,1,1,2,1,0
458823,1,1,1,2,1
458823,2,1,1,1,1
458823,1,1,1,2,0
458823,2,2,1,0,0
458824,1,1,2,1,1
458824,1,2,1,1,0
458824,1,1,2,1,1
458824,1,2,1,1,0
458824,1,2,1,1,1
458824,1,2,1,1,0
458825,1,1,2,1,1
458825,2,1,2,0,1
458825,1,2,1,1,0
458825,1,1,2,1,0
458825,2,2,1,0,0
458825,1,2,1,1,1
458826,2,1,1,1,1
458826,1,1,2,1,1
458826,1,2,1,1,0
458826,1,1,1,2,0
458827,1,1,2,1,0
458827,1,1,1,2,0
458827,1,2,1,1,1
458827,2,1,2,0,1
458828,1,1,3,0,1
458828,2,1,2,0,0
458828,1,1,1,2,0
458828,1,1,2,1,0
458828,1,2,1,1,1
458828,1,2,1,1,1
458830,1,1,2,1,0
458830,1,1,1,2,0
458830,1,2,1,1,1
458830,2,2,1,0,1
458831,1,2,1,1,0
458831,1,1,2,1,0
458831,1,1,1,2,1
458831,1,1,2,1,1
458832,1,1,2,1,1
458832,2,1,2,0,0
458832,2,1,2,0,1
458832,1,1,2,1,0
458832,2,1,1,1,1
458832,2,2,1,0,0
458833,2,1,1,1,1
458833,1,1,1,2,0
458833,2,1,1,1,1
458833,1,2,1,1,0
458833,1,1,1,2,1
458833,2,1,2,0,0
458834,1,1,2,1,1
458834,1,1,2,1,1
458834,1,1,3,0,0
458834,1,1,2,1,0
458835,1,1,2,1,0
458835,1,2,1,1,1
458835,2,1,2,0,0
458835,1,2,1,1,1
458835,1,2,1,1,0
458835,2,2,1,0,1
459517,1,1,2,1,1
459517,1,1,2,1,0
459517,1,2,1,1,1
459517,1,1,2,1,0
459517,1,1,2,1,1
459517,1,2,1,1,0
459518,1,1,2,1,1
459518,1,1,2,1,0
459518,2,1,2,0,0
459518,1,1,2,1,0
459518,1,1,2,1,1
459518,2,1,2,0,1
459519,1,1,2,1,0
459519,2,1,2,0,0
459519,1,1,2,1,1
459519,2,1,2,0,1
459520,1,1,2,1,0
459520,2,1,2,0,0
459520,2,1,1,1,1
459520,1,1,2,1,1
459521,1,2,1,1,0
459521,1,2,1,1,0
459521,1,1,2,1,1
459521,2,1,2,0,1
459522,1,2,1,1,1
459522,1,2,1,1,0
459522,1,1,2,1,0
459522,1,2,1,1,0
459522,1,1,2,1,1
459522,2,1,2,0,1
459523,1,1,2,1,0
459523,2,1,2,0,1
459523,1,1,2,1,0
459523,1,1,2,1,1
459523,1,1,2,1,0
459523,1,2,1,1,1
459524,1,1,2,1,0
459524,2,1,1,1,0
459524,2,1,1,1,1
459524,1,1,2,1,1
459525,1,1,2,1,1
459525,1,2,1,1,1
459525,1,1,2,1,0
459525,1,1,2,1,0
459526,1,1,2,1,1
459526,1,1,2,1,1
459526,1,1,2,1,0
459526,1,1,2,1,0
459526,1,1,2,1,0
459526,1,1,2,1,1
459527,1,1,2,1,1
459527,1,1,2,1,1
459527,1,1,2,1,0
459527,1,1,2,1,0
459528,1,1,1,2,1
459528,2,1,2,0,1
459528,1,1,1,2,0
459528,2,1,2,0,0
459529,1,1,2,1,0
459529,1,2,1,1,0
459529,1,1,2,1,1
459529,1,1,2,1,1
459530,1,2,1,1,0
459530,1,1,2,1,1
459530,1,1,2,1,1
459530,1,1,2,1,1
459530,1,1,2,1,0
459530,2,1,2,0,0
459531,1,1,2,1,1
459531,1,1,2,1,0
459531,1,1,2,1,0
459531,1,1,1,2,0
459531,2,1,1,1,1
459531,1,1,1,2,1
459532,1,1,2,1,1
459532,2,1,2,0,1
459532,1,1,2,1,0
459532,1,1,2,1,0
459533,1,1,2,1,0
459533,1,1,2,1,0
459533,1,1,2,1,1
459533,1,1,2,1,1
459534,1,1,2,1,0
459534,1,1,2,1,0
459534,1,2,1,1,1
459534,1,1,2,1,1
459534,1,1,2,1,1
459534,1,1,2,1,0
459535,1,1,2,1,1
459535,1,1,2,1,1
459535,1,1,2,1,0
459535,1,1,2,1,0
459536,1,1,2,1,0
459536,1,1,2,1,1
459536,2,1,2,0,1
459536,1,1,2,1,1
459536,1,1,2,1,0
459536,2,1,2,0,0
459537,1,1,2,1,1
459537,1,2,1,1,1
459537,2,1,2,0,0
459537,1,1,2,1,0
459538,1,1,2,1,0
459538,1,1,2,1,1
459538,2,1,2,0,0
459538,1,1,2,1,1
459538,2,1,2,0,0
459538,2,1,2,0,1
459539,2,1,2,0,1
459539,1,2,1,1,1
459539,1,1,2,1,0
459539,1,1,1,2,0
459540,1,1,2,1,1
459540,2,1,1,1,1
459540,1,2,1,1,0
459540,2,1,1,1,0
459541,1,1,2,1,1
459541,2,1,1,1,0
459541,1,2,1,1,0
459541,1,1,2,1,0
459541,2,0,2,1,1
459541,1,1,2,1,1
459542,1,1,2,1,1
459542,1,1,2,1,0
459542,2,1,2,0,0
459542,1,1,2,1,0
459542,2,1,1,1,1
459542,2,1,2,0,1
459543,1,2,1,1,0
459543,1,1,2,1,0
459543,1,1,2,1,1
459543,1,1,2,1,1
459544,1,1,2,1,0
459544,1,1,2,1,0
459544,1,1,2,1,1
459544,2,1,1,1,1
459545,2,1,2,0,0
459545,1,2,1,1,1
459545,2,1,2,0,1
459545,1,1,2,1,1
459545,1,1,2,1,0
459545,2,1,2,0,0
459546,1,1,2,1,0
459546,1,1,2,1,0
459546,1,1,2,1,1
459546,1,1,2,1,1
459826,2,1,1,1,0
459826,1,1,2,1,0
459826,2,1,2,0,1
459826,1,1,2,1,1
459827,1,1,2,1,1
459827,2,0,2,1,0
459827,1,1,1,2,1
459827,1,1,2,1,0
459827,2,0,2,1,1
459827,2,1,1,1,0
459828,1,1,1,2,1
459828,1,1,2,1,0
459828,2,1,2,0,0
459828,1,1,2,1,0
459828,1,1,2,1,1
459828,2,2,1,0,1
459829,1,1,2,1,1
459829,1,1,2,1,1
459829,1,1,1,2,0
459829,1,1,1,2,0
459830,1,1,2,1,1
459830,2,2,1,0,1
459830,1,1,2,1,0
459830,2,1,1,1,0
459831,1,1,2,1,1
459831,1,1,2,1,1
459831,2,1,2,0,0
459831,1,1,2,1,0
459831,2,1,1,1,0
459831,2,2,1,0,1
459832,1,1,3,0,0
459832,1,1,2,1,0
459832,1,1,2,1,1
459832,1,1,1,2,1
459832,1,1,2,1,1
459832,1,2,1,1,0
459833,1,1,2,1,0
459833,2,1,2,0,1
459833,2,1,2,0,0
459833,1,1,1,2,1
459833,2,1,1,1,0
459833,2,1,1,1,1
459834,1,1,2,1,1
459834,1,1,3,0,0
459834,1,1,2,1,1
459834,1,1,2,1,0
459834,1,1,2,1,1
459834,2,1,1,1,0
459835,1,2,1,1,0
459835,2,1,1,1,0
459835,1,1,2,1,1
459835,1,2,1,1,1
459835,1,1,2,1,1
459835,2,2,1,0,0
459836,1,2,1,1,1
459836,2,1,1,1,1
459836,2,2,1,0,0
459836,1,2,1,1,0
459836,2,1,2,0,0
459836,1,1,2,1,1
459837,2,0,2,1,1
459837,2,1,1,1,1
459837,1,1,2,1,0
459837,1,1,1,2,0
459839,1,1,2,1,1
459839,1,1,1,2,1
459839,1,1,2,1,0
459839,1,1,2,1,0
459840,1,1,2,1,1
459840,1,1,2,1,0
459840,1,1,2,1,0
459840,1,1,2,1,0
459840,1,1,2,1,1
459840,2,1,1,1,1
459841,1,1,2,1,0
459841,2,1,1,1,0
459841,1,1,1,2,1
459841,2,2,1,0,1
459842,1,2,1,1,1
459842,1,1,2,1,1
459842,1,2,1,1,0
459842,1,1,2,1,0
459843,2,1,2,0,0
459843,2,2,1,0,0
459843,2,1,1,1,1
459843,2,2,1,0,1
459844,1,1,2,1,0
459844,1,1,2,1,0
459844,1,2,1,1,1
459844,2,1,1,1,1
459845,1,1,1,2,0
459845,2,1,2,0,0
459845,1,1,2,1,1
459845,2,1,2,0,1
459846,2,1,1,1,0
459846,2,1,2,0,0
459846,1,1,1,2,1
459846,2,2,1,0,1
459847,1,1,2,1,1
459847,1,1,2,1,1
459847,1,1,2,1,0
459847,2,1,2,0,0
459848,1,1,2,1,0
459848,1,2,1,1,1
459848,2,1,1,1,1
459848,1,1,2,1,1
459848,1,1,2,1,0
459848,1,1,2,1,0
459849,1,1,2,1,1
459849,1,1,2,1,1
459849,1,1,2,1,0
459849,1,2,1,1,0
459849,2,1,1,1,0
459849,2,1,1,1,1
459850,1,1,1,2,0
459850,1,1,2,1,0
459850,1,2,1,1,1
459850,1,2,1,1,1
459852,1,1,3,0,1
459852,1,1,2,1,1
459852,1,1,2,1,0
459852,1,1,2,1,0
459853,1,1,1,2,0
459853,2,1,2,0,0
459853,1,1,2,1,1
459853,1,1,2,1,1
459854,1,1,2,1,0
459854,1,1,2,1,0
459854,2,1,2,0,1
459854,1,1,2,1,1
459854,1,1,2,1,1
459854,2,1,2,0,0
459855,1,1,1,2,1
459855,2,0,2,1,1
459855,1,1,2,1,0
459855,1,1,2,1,0
459856,2,0,2,1,1
459856,2,1,1,1,0
459856,1,1,2,1,0
459856,1,1,2,1,0
459856,1,1,1,2,1
459856,2,2,1,0,1
459857,1,2,1,1,0
459857,2,1,1,1,0
459857,1,2,1,1,1
459857,1,1,2,1,1
473233,1,1,2,1,0
473233,1,1,2,1,0
473233,1,1,2,1,1
473233,1,1,2,1,1
473234,1,1,2,1,0
473234,1,1,1,2,0
473234,1,1,1,2,1
473234,2,1,2,0,1
473235,2,1,1,1,0
473235,1,1,2,1,1
473235,1,1,2,1,1
473235,1,1,2,1,1
473235,1,1,2,1,0
473235,2,1,1,1,0
473236,1,1,1,2,0
473236,1,1,1,2,0
473236,2,1,2,0,1
473236,2,1,2,0,1
473237,1,1,2,1,0
473237,2,1,2,0,0
473237,1,1,2,1,1
473237,2,1,1,1,1
473238,1,1,2,1,0
473238,1,2,1,1,0
473238,1,1,2,1,1
473238,2,1,2,0,1
473239,2,1,1,1,0
473239,1,1,2,1,0
473239,1,1,2,1,1
473239,1,1,1,2,1
473239,1,2,1,1,1
473239,1,2,1,1,0
473240,1,1,2,1,1
473240,2,1,2,0,1
473240,1,1,2,1,0
473240,2,1,2,0,0
473241,2,1,2,0,0
473241,1,1,1,2,0
473241,2,1,2,0,1
473241,1,1,1,2,1
473242,1,1,2,1,0
473242,2,1,1,1,1
473242,1,1,2,1,1
473242,1,1,2,1,1
473242,1,1,2,1,0
473242,1,2,1,1,0
473243,2,1,1,1,1
473243,2,1,2,0,1
473243,1,1,2,1,1
473243,1,1,2,1,0
473243,2,1,2,0,0
473243,1,1,1,2,0
473244,1,1,2,1,0
473244,1,1,2,1,0
473244,2,1,2,0,0
473244,1,1,2,1,1
473244,1,1,2,1,1
473244,1,1,2,1,1
473244,2,1,2,0,1
473244,1,1,1,2,0
473833,2,1,1,1,0
473833,1,1,2,1,1
473833,1,1,2,1,1
473833,1,1,1,2,1
473833,2,1,1,1,0
473833,1,1,1,2,0
473834,1,1,2,1,1
473834,2,1,1,1,1
473834,1,1,2,1,0
473834,2,1,2,0,0
473835,2,1,1,1,0
473835,1,1,2,1,0
473835,1,1,1,2,1
473835,1,1,1,2,1
473835,1,1,1,2,1
473835,1,1,1,2,0
473836,1,1,2,1,1
473836,1,2,1,1,0
473836,1,2,1,1,1
473836,1,1,2,1,0
473836,1,1,2,1,1
473836,2,1,2,0,0
473837,1,1,2,1,0
473837,2,1,1,1,0
473837,1,1,2,1,1
473837,2,1,1,1,1
473838,1,1,2,1,1
473838,1,1,2,1,0
473838,2,1,1,1,0
473838,1,1,2,1,0
473838,1,1,2,1,1
473838,2,1,2,0,1
473839,1,1,2,1,1
473839,2,1,1,1,1
473839,1,1,2,1,0
473839,1,1,2,1,0
473840,1,1,2,1,0
473840,2,1,2,0,0
473840,1,2,1,1,1
473840,1,2,1,1,1
473841,1,1,2,1,1
473841,2,1,1,1,1
473841,1,1,2,1,0
473841,2,1,2,0,0
473842,2,1,1,1,0
473842,1,1,1,2,0
473842,2,1,1,1,1
473842,1,2,1,1,1
473843,1,1,2,1,0
473843,1,2,1,1,1
473843,2,1,1,1,1
473843,1,2,1,1,0
473843,2,2,1,0,0
473843,1,1,2,1,1
473843,1,1,2,1,0
473843,1,1,2,1,0
473843,1,2,1,1,1
473843,2,2,1,0,1
473844,1,1,2,1,0
473844,2,1,1,1,1
473844,1,1,2,1,0
473844,2,1,1,1,0
473844,1,1,2,1,1
473844,1,2,1,1,0
473844,1,1,2,1,1
473844,2,1,2,0,1
475897,1,1,2,1,0
475897,1,1,2,1,0
475897,2,1,1,1,1
475897,2,1,2,0,1
475898,1,1,1,2,0
475898,1,2,1,1,0
475898,1,1,2,1,1
475898,1,1,2,1,1
475899,2,1,1,1,1
475899,2,1,2,0,1
475899,2,1,1,1,0
475899,1,1,2,1,0
475900,1,1,2,1,0
475900,2,0,2,1,0
475900,2,1,2,0,1
475900,1,1,2,1,1
475900,2,0,2,1,1
475900,2,1,2,0,0
475901,2,1,2,0,0
475901,2,1,2,0,0
475901,2,1,2,0,1
475901,2,1,2,0,1
475902,1,1,2,1,1
475902,1,1,2,1,1
475902,1,1,2,1,0
475902,2,1,2,0,1
475902,1,1,2,1,0
475902,1,1,2,1,0
475902,1,1,2,1,1
475902,2,1,2,0,0
475903,1,1,2,1,1
475903,1,2,1,1,1
475903,1,1,2,1,0
475903,1,1,2,1,0
475904,1,1,2,1,0
475904,2,1,1,1,0
475904,1,1,2,1,1
475904,1,1,2,1,1
475905,1,2,1,1,0
475905,1,2,1,1,0
475905,1,1,2,1,1
475905,1,1,2,1,1
475905,1,1,2,1,1
475905,2,1,2,0,0
475906,1,1,2,1,1
475906,2,1,2,0,1
475906,2,1,1,1,0
475906,1,1,2,1,0
475907,2,1,2,0,1
475907,1,2,1,1,0
475907,2,1,2,0,0
475907,2,1,2,0,0
475907,1,1,2,1,1
475907,2,1,2,0,1
475908,1,1,2,1,1
475908,1,1,2,1,0
475908,2,1,2,0,1
475908,2,1,2,0,1
475908,1,1,2,1,0
475908,1,1,2,1,1
475908,2,1,2,0,0
475908,2,1,2,0,0
482503,1,1,2,1,1
482503,1,1,2,1,1
482503,1,1,2,1,0
482503,1,1,1,2,0
482504,2,1,1,1,1
482504,2,2,1,0,1
482504,1,1,2,1,0
482504,2,1,2,0,0
482505,1,1,2,1,0
482505,2,0,2,1,1
482505,2,2,1,0,0
482505,1,1,1,2,1
482505,2,0,2,1,0
482505,2,1,1,1,1
482506,1,1,2,1,1
482506,2,1,2,0,1
482506,1,1,2,1,0
482506,2,2,1,0,0
482507,1,1,3,0,0
482507,1,1,2,1,0
482507,1,2,1,1,1
482507,1,1,2,1,1
482508,1,1,2,1,1
482508,1,0,2,2,0
482508,2,2,1,0,1
482508,1,1,2,1,0
482508,1,1,2,1,1
482508,2,2,1,0,0
482509,1,1,1,2,0
482509,2,0,2,1,1
482509,2,1,1,1,0
482509,1,1,1,2,1
482509,1,1,2,1,0
482509,2,2,1,0,1
482510,1,1,3,0,1
482510,1,1,2,1,0
482510,1,1,2,1,1
482510,1,1,2,1,0
482510,1,1,1,2,1
482510,2,1,2,0,0
482511,1,1,2,1,0
482511,1,2,1,1,0
482511,1,1,1,2,1
482511,1,1,2,1,1
482511,1,1,1,2,1
482511,2,2,1,0,0
482512,1,2,1,1,1
482512,1,2,1,1,1
482512,1,1,2,1,1
482512,1,1,1,2,0
482512,1,1,1,2,0
482512,1,1,2,1,0
482513,1,1,2,1,1
482513,1,0,2,2,1
482513,2,2,1,0,1
482513,1,2,1,1,0
482513,1,1,2,1,0
482513,2,2,1,0,0
482515,1,1,2,1,1
482515,1,0,2,2,1
482515,1,1,2,1,0
482515,1,1,2,1,0
490306,2,1,1,1,1
490306,2,1,1,1,1
490306,1,1,2,1,0
490306,1,1,2,1,0
490307,1,1,2,1,0
490307,2,1,1,1,1
490307,1,1,2,1,1
490307,1,2,1,1,1
490307,3,0,2,0,0
490307,1,2,1,1,0
490308,2,1,1,1,1
490308,2,1,2,0,1
490308,2,1,1,1,0
490308,2,1,1,1,0
490309,2,1,1,1,1
490309,1,2,1,1,1
490309,1,1,2,1,0
490309,1,1,2,1,0
490310,1,1,2,1,1
490310,2,1,1,1,1
490310,2,1,2,0,0
490310,2,1,1,1,0
490311,2,1,1,1,1
490311,2,1,1,1,0
490311,1,1,2,1,0
490311,2,0,2,1,0
490311,2,1,1,1,1
490311,1,1,2,1,1
490312,2,1,1,1,0
490312,1,2,1,1,0
490312,2,1,1,1,1
490312,1,1,1,2,1
490313,2,1,1,1,0
490313,1,1,2,1,0
490313,2,1,1,1,1
490313,2,1,1,1,1
490314,1,2,1,1,1
490314,2,2,1,0,0
490314,2,1,1,1,1
490314,1,2,1,1,0
490314,2,2,1,0,1
490314,2,1,1,1,0
490315,1,1,2,1,0
490315,2,1,1,1,0
490315,1,1,1,2,1
490315,2,1,1,1,1
498621,2,1,1,1,1
498621,1,1,2,1,1
498621,1,1,2,1,0
498621,1,1,2,1,0
498622,2,1,2,0,0
498622,2,1,2,0,0
498622,1,2,1,1,1
498622,2,2,1,0,1
498623,1,1,2,1,0
498623,2,1,1,1,0
498623,1,1,1,2,1
498623,1,1,2,1,1
498624,1,2,1,1,0
498624,2,2,1,0,1
498624,2,1,1,1,0
498624,2,1,1,1,1
498624,2,1,1,1,0
498624,2,1,1,1,1
498625,2,2,1,0,1
498625,2,1,1,1,1
498625,2,1,2,0,0
498625,1,1,2,1,0
498626,2,1,1,1,0
498626,2,1,1,1,0
498626,2,1,1,1,1
498626,1,2,1,1,1
498627,2,1,2,0,1
498627,1,2,1,1,1
498627,1,1,1,2,0
498627,2,1,1,1,0
498628,1,1,1,2,1
498628,2,1,1,1,0
498628,1,2,1,1,0
498628,2,1,1,1,0
498628,2,1,1,1,0
498628,1,2,1,1,1
498628,1,2,1,1,1
498628,2,1,1,1,1
498629,2,1,1,1,1
498629,2,0,1,2,1
498629,1,1,2,1,0
498629,1,1,2,1,0
498630,1,1,1,2,1
498630,1,2,1,1,0
498630,2,1,1,1,1
498630,1,1,2,1,0
498630,1,2,1,1,1
498630,2,1,1,1,0
498631,2,1,1,1,0
498631,2,0,1,2,1
498631,2,1,2,0,1
498631,2,1,1,1,1
498631,2,1,1,1,0
498631,2,1,1,1,0
498632,1,1,1,2,1
498632,1,1,1,2,1
498632,2,1,1,1,0
498632,1,1,2,1,0
498632,2,0,2,1,0
498632,1,1,2,1,1
498633,2,1,1,1,1
498633,2,2,1,0,1
498633,2,1,2,0,0
498633,2,1,2,0,0
498634,1,1,1,2,1
498634,1,1,1,2,1
498634,2,1,1,1,0
498634,2,2,1,0,1
498634,1,1,1,2,0
498634,1,1,2,1,0
498634,2,1,1,1,1
498634,2,1,1,1,0
506930,1,1,2,1,1
506930,1,1,2,1,1
506930,2,1,2,0,0
506930,1,1,2,1,0
506931,2,1,2,0,1
506931,2,1,1,1,1
506931,2,2,1,0,0
506931,2,1,1,1,0
506932,1,1,2,1,0
506932,2,1,1,1,0
506932,2,1,1,1,1
506932,1,1,1,2,1
506932,2,2,1,0,1
506932,1,1,2,1,0
506933,1,1,1,2,1
506933,1,2,1,1,1
506933,2,1,1,1,0
506933,1,2,1,1,0
506934,2,1,1,1,1
506934,1,2,1,1,0
506934,1,2,1,1,1
506934,1,1,2,1,0
506934,1,1,2,1,1
506934,1,2,1,1,0
506935,2,1,1,1,0
506935,2,0,1,2,0
506935,2,1,1,1,1
506935,1,1,1,2,1
506935,2,1,1,1,1
506935,2,1,1,1,0
506936,2,2,1,0,1
506936,2,1,1,1,1
506936,1,1,1,2,0
506936,1,1,1,2,0
506937,1,2,1,1,1
506937,1,1,1,2,1
506937,1,1,2,1,0
506937,1,1,2,1,0
506937,2,1,1,1,0
506937,2,1,1,1,1
506938,2,2,1,0,1
506938,2,1,1,1,1
506938,1,2,1,1,0
506938,2,1,1,1,0
506939,1,1,2,1,0
506939,2,1,1,1,1
506939,1,1,2,1,1
506939,1,1,1,2,1
506939,2,1,1,1,0
506939,2,1,1,1,0
506940,1,2,1,1,1
506940,2,1,1,1,1
506940,1,1,2,1,0
506940,2,1,1,1,0
506941,2,1,1,1,1
506941,2,1,1,1,0
506941,1,1,2,1,0
506941,1,1,1,2,0
506941,2,1,1,1,1
506941,1,1,1,2,1
506942,2,1,1,1,0
506942,2,2,1,0,1
506942,2,1,1,1,0
506942,2,1,1,1,1
506942,1,2,1,1,0
506942,2,1,1,1,1
506943,2,1,1,1,0
506943,2,1,1,1,0
506943,2,1,1,1,1
506943,2,2,1,0,1
506945,1,1,2,1,1
506945,2,1,2,0,1
506945,1,1,2,1,0
506945,2,1,2,0,0
506946,2,1,1,1,1
506946,1,2,1,1,0
506946,2,1,1,1,0
506946,1,2,1,1,0
506946,2,1,1,1,1
506946,1,2,1,1,1
506947,2,1,1,1,1
506947,2,1,1,1,0
506947,2,2,1,0,1
506947,2,1,1,1,0
506947,2,1,1,1,1
506947,1,2,1,1,0
506948,1,1,2,1,1
506948,2,1,1,1,1
506948,2,1,1,1,0
506948,2,1,1,1,0
506949,2,1,1,1,0
506949,2,1,1,1,1
506949,1,1,1,2,1
506949,2,1,1,1,1
506949,2,1,1,1,0
506949,2,1,1,1,0
506950,1,1,2,1,0
506950,1,1,2,1,1
506950,2,1,1,1,0
506950,1,1,1,2,1
506950,1,1,1,2,0
506950,2,1,1,1,1
506951,2,1,1,1,0
506951,1,2,1,1,1
506951,1,2,1,1,0
506951,1,2,1,1,1
506951,2,1,1,1,0
506951,1,2,1,1,1
506952,2,1,1,1,0
506952,1,2,1,1,0
506952,2,1,1,1,1
506952,2,1,1,1,1
506953,2,1,1,1,0
506953,1,2,1,1,0
506953,2,1,1,1,1
506953,2,1,1,1,1
506954,2,2,1,0,1
506954,2,1,1,1,1
506954,2,1,1,1,0
506954,2,2,1,0,0
506954,2,1,1,1,0
506954,2,1,1,1,1
506955,2,2,1,0,1
506955,2,1,1,1,1
506955,1,1,1,2,0
506955,2,1,1,1,0
506956,2,1,1,1,1
506956,2,1,1,1,1
506956,1,1,1,2,0
506956,1,1,1,2,0
506957,1,1,1,2,1
506957,2,1,1,1,1
506957,2,1,1,1,0
506957,2,2,1,0,0
506957,1,2,1,1,0
506957,1,2,1,1,1
506958,2,1,1,1,1
506958,1,2,1,1,0
506958,1,2,1,1,1
506958,1,1,1,2,0
506958,2,1,1,1,1
506958,2,2,1,0,0
506959,1,1,1,2,0
506959,2,2,1,0,0
506959,2,1,1,1,1
506959,1,1,2,1,1
506959,2,1,1,1,1
506959,1,2,1,1,0
506960,1,2,1,1,0
506960,1,1,2,1,0
506960,2,1,1,1,1
506960,1,1,2,1,1
508816,2,1,1,1,1
508816,2,1,1,1,1
508816,2,1,1,1,0
508816,1,1,1,2,0
508816,2,1,1,1,0
508816,1,1,2,1,1
508817,1,2,1,1,1
508817,1,2,1,1,1
508817,1,2,1,1,0
508817,1,2,1,1,0
508818,2,1,1,1,0
508818,2,1,1,1,0
508818,2,1,1,1,1
508818,2,1,1,1,1
508819,1,2,1,1,1
508819,1,1,1,2,1
508819,2,1,1,1,0
508819,1,2,1,1,0
508820,1,2,1,1,1
508820,2,1,1,1,1
508820,1,2,1,1,0
508820,2,1,1,1,0
508820,2,0,1,2,0
508820,2,1,1,1,1
508821,2,1,2,0,0
508821,1,1,1,2,1
508821,2,1,1,1,1
508821,2,1,1,1,1
508821,2,1,1,1,0
508821,2,1,1,1,0
508822,1,1,1,2,0
508822,2,1,1,1,0
508822,1,1,1,2,1
508822,2,1,1,1,1
508823,2,1,1,1,0
508823,1,2,1,1,1
508823,2,1,2,0,0
508823,2,1,2,0,1
508823,2,1,1,1,0
508823,2,1,1,1,1
508824,1,2,1,1,0
508824,1,2,1,1,0
508824,1,2,1,1,1
508824,1,2,1,1,1
508825,1,1,2,1,1
508825,1,1,1,2,1
508825,1,1,1,2,0
508825,2,1,1,1,0
508826,1,1,2,1,1
508826,2,1,1,1,0
508826,2,1,1,1,0
508826,1,1,1,2,0
508826,1,2,1,1,1
508826,1,1,2,1,1
508828,2,1,1,1,1
508828,2,1,1,1,1
508828,2,1,1,1,0
508828,1,2,1,1,0
508828,1,1,1,2,0
508828,1,1,1,2,1
508829,2,2,1,0,0
508829,2,1,1,1,1
508829,2,1,1,1,1
508829,1,1,1,2,1
508829,1,1,1,2,0
508829,2,1,1,1,0
508830,2,1,1,1,1
508830,1,2,1,1,1
508830,2,1,1,1,0
508830,2,1,1,1,0
508831,2,1,1,1,1
508831,2,1,1,1,0
508831,2,1,1,1,0
508831,2,1,1,1,0
508831,1,2,1,1,1
508831,1,1,1,2,1
508832,2,1,1,1,1
508832,1,1,1,2,1
508832,2,1,1,1,0
508832,2,0,2,1,0
508833,2,1,2,0,0
508833,2,1,1,1,0
508833,2,2,1,0,1
508833,1,2,1,1,1
508834,1,1,2,1,1
508834,2,1,1,1,1
508834,1,1,1,2,0
508834,2,1,1,1,0
508835,2,1,1,1,0
508835,2,2,1,0,0
508835,1,1,1,2,1
508835,1,2,1,1,1
508836,2,1,1,1,0
508836,2,1,1,1,0
508836,2,2,1,0,1
508836,2,2,1,0,1
508837,1,1,2,1,1
508837,2,1,1,1,1
508837,1,2,1,1,0
508837,1,2,1,1,0
508838,2,1,1,1,0
508838,2,1,1,1,0
508838,1,1,1,2,1
508838,2,1,1,1,1
508839,1,2,1,1,0
508839,2,1,1,1,0
508839,2,1,1,1,1
508839,2,1,1,1,1
508840,1,1,2,1,0
508840,2,1,1,1,0
508840,2,1,1,1,1
508840,1,1,2,1,1
508841,2,2,1,0,1
508841,2,1,1,1,1
508841,1,1,2,1,0
508841,1,1,1,2,0
508842,1,1,1,2,1
508842,2,1,1,1,1
508842,1,1,1,2,0
508842,2,1,1,1,0
508843,1,1,2,1,0
508843,2,1,2,0,0
508843,2,1,1,1,1
508843,1,1,2,1,1
508843,2,1,1,1,1
508843,2,1,1,1,0
508844,1,2,1,1,0
508844,1,1,1,2,1
508844,1,1,2,1,1
508844,1,1,1,2,1
508844,1,1,1,2,0
508844,1,1,2,1,0
508845,1,2,1,1,0
508845,2,1,1,1,0
508845,1,2,1,1,1
508845,1,2,1,1,1
509801,2,1,1,1,1
509801,2,1,1,1,1
509801,2,1,1,1,0
509801,2,1,1,1,0
509802,1,1,2,1,0
509802,2,1,2,0,1
509802,2,1,1,1,0
509802,1,1,2,1,1
509802,2,1,2,0,0
509802,2,1,1,1,1
509803,1,1,2,1,0
509803,1,1,2,1,0
509803,1,1,2,1,1
509803,1,1,2,1,1
509803,2,1,1,1,1
509803,1,1,2,1,0
509804,1,1,2,1,0
509804,1,2,1,1,1
509804,1,2,1,1,0
509804,1,2,1,1,1
509804,2,1,1,1,0
509804,1,2,1,1,1
509805,2,2,1,0,1
509805,1,2,1,1,1
509805,2,1,2,0,0
509805,2,1,1,1,0
509806,1,1,1,2,1
509806,2,1,1,1,0
509806,2,1,2,0,0
509806,1,1,1,2,0
509806,2,1,1,1,1
509806,2,1,1,1,1
509807,1,1,2,1,0
509807,1,2,1,1,0
509807,1,1,1,2,1
509807,2,1,1,1,1
509808,2,1,1,1,0
509808,2,1,1,1,0
509808,1,1,1,2,1
509808,1,1,2,1,1
509809,2,2,1,0,1
509809,1,1,2,1,1
509809,2,1,1,1,0
509809,2,1,1,1,0
509810,2,1,1,1,0
509810,1,1,2,1,0
509810,2,1,2,0,1
509810,2,1,1,1,1
509811,2,1,1,1,1
509811,2,1,1,1,1
509811,1,1,2,1,0
509811,2,1,2,0,0
509812,2,1,1,1,1
509812,1,1,2,1,1
509812,1,2,1,1,0
509812,1,2,1,1,0
509813,1,1,2,1,1
509813,2,1,1,1,0
509813,1,1,2,1,1
509813,1,1,1,2,0
509813,2,1,1,1,1
509813,1,1,2,1,0
509814,1,2,1,1,1
509814,1,1,1,2,0
509814,2,1,1,1,0
509814,2,1,1,1,0
509814,2,1,1,1,1
509814,2,1,1,1,1
509815,2,1,1,1,0
509815,2,1,1,1,0
509815,2,1,1,1,1
509815,2,1,1,1,1
509816,2,2,1,0,0
509816,2,1,1,1,0
509816,2,2,1,0,1
509816,2,1,1,1,1
509817,1,1,2,1,0
509817,2,1,1,1,1
509817,1,1,2,1,0
509817,1,1,1,2,1
509817,2,1,1,1,0
509817,2,1,1,1,1
509818,1,1,2,1,0
509818,2,1,2,0,1
509818,1,1,2,1,0
509818,1,2,1,1,1
509818,2,2,1,0,0
509818,1,2,1,1,1
509819,2,2,1,0,0
509819,2,1,2,0,0
509819,2,1,1,1,1
509819,2,1,1,1,1
509820,2,2,1,0,0
509820,1,2,1,1,0
509820,2,1,2,0,1
509820,2,1,1,1,1
509821,2,1,1,1,0
509821,2,1,2,0,0
509821,2,1,1,1,1
509821,2,1,1,1,1
509822,1,1,1,2,1
509822,2,1,2,0,0
509822,1,2,1,1,1
509822,1,2,1,1,0
509822,2,2,1,0,1
509822,1,2,1,1,0
509823,1,1,1,2,0
509823,2,1,1,1,0
509823,1,1,1,2,1
509823,2,1,1,1,1
509824,2,2,1,0,1
509824,1,2,1,1,1
509824,1,2,1,1,0
509824,2,1,2,0,0
509824,2,1,1,1,0
509824,1,1,2,1,1
509825,2,1,1,1,1
509825,2,1,1,1,1
509825,1,1,2,1,0
509825,1,2,1,1,0
509825,2,2,1,0,0
509825,1,2,1,1,1
509826,1,2,1,1,1
509826,1,2,1,1,0
509826,1,2,1,1,0
509826,1,2,1,1,0
509826,2,1,1,1,1
509826,1,1,2,1,1
509827,1,1,2,1,1
509827,2,1,1,1,1
509827,1,1,1,2,0
509827,2,1,1,1,0
509829,1,2,1,1,0
509829,2,1,2,0,0
509829,1,1,2,1,1
509829,2,1,1,1,1
509829,2,1,1,1,1
509829,1,1,2,1,0
509830,1,1,1,2,0
509830,2,1,1,1,0
509830,1,1,1,2,1
509830,2,1,2,0,1
509831,2,1,1,1,0
509831,1,1,2,1,0
509831,2,1,1,1,1
509831,2,1,1,1,1
511543,1,1,2,1,0
511543,2,1,1,1,0
511543,2,1,1,1,1
511543,1,1,2,1,1
511543,1,1,1,2,1
511543,1,1,2,1,0
511544,2,1,1,1,1
511544,1,1,2,1,1
511544,2,1,2,0,0
511544,1,1,2,1,0
511545,2,1,2,0,0
511545,1,2,1,1,1
511545,1,1,2,1,1
511545,2,1,2,0,1
511545,2,1,2,0,0
511545,1,1,2,1,0
511546,2,1,2,0,0
511546,2,0,1,2,1
511546,2,1,1,1,0
511546,2,1,2,0,1
511546,1,1,2,1,0
511546,1,2,1,1,1
511547,1,1,2,1,0
511547,2,1,1,1,1
511547,2,1,1,1,0
511547,1,2,1,1,1
511547,2,0,2,1,0
511547,1,1,2,1,1
511548,2,1,2,0,1
511548,1,1,1,2,1
511548,2,1,1,1,0
511548,1,1,1,2,0
511548,2,0,2,1,0
511548,1,2,1,1,1
511549,2,1,1,1,0
511549,1,1,1,2,0
511549,2,1,1,1,1
511549,2,0,2,1,1
511549,1,2,1,1,1
511549,1,2,1,1,0
511550,2,1,2,0,0
511550,2,1,1,1,0
511550,1,1,1,2,1
511550,1,1,2,1,1
511550,1,1,2,1,1
511550,2,1,1,1,0
511551,1,1,2,1,0
511551,1,1,2,1,0
511551,2,1,2,0,1
511551,1,2,1,1,1
511552,1,1,2,1,1
511552,2,1,2,0,0
511552,2,1,1,1,0
511552,1,2,1,1,0
511552,2,1,2,0,1
511552,2,2,1,0,1
511553,1,1,2,1,0
511553,1,2,1,1,0
511553,1,2,1,1,1
511553,2,1,1,1,1
511554,1,1,1,2,1
511554,1,2,1,1,1
511554,1,1,2,1,0
511554,1,2,1,1,0
511562,2,1,2,0,1
511562,1,1,2,1,1
511562,1,1,2,1,0
511562,2,1,1,1,0
511562,1,1,2,1,0
511562,1,1,2,1,1
511563,1,1,1,2,1
511563,2,1,1,1,1
511563,2,1,2,0,0
511563,2,1,1,1,0
511564,1,2,1,1,0
511564,1,2,1,1,1
511564,1,1,1,2,0
511564,1,1,2,1,1
511564,2,1,2,0,0
511564,1,2,1,1,1
511565,1,2,1,1,1
511565,1,2,1,1,0
511565,1,2,1,1,1
511565,2,1,1,1,0
511565,2,1,2,0,1
511565,1,1,2,1,0
511566,1,1,1,2,0
511566,2,1,2,0,1
511566,1,1,1,2,1
511566,1,1,2,1,1
511566,2,1,2,0,0
511566,1,1,1,2,0
511567,1,2,1,1,1
511567,1,2,1,1,1
511567,1,1,2,1,0
511567,1,2,1,1,0
511568,2,1,2,0,0
511568,1,1,2,1,0
511568,2,1,2,0,1
511568,1,2,1,1,1
511569,1,2,1,1,0
511569,1,2,1,1,0
511569,1,2,1,1,1
511569,1,1,1,2,1
511569,1,2,1,1,1
511569,2,1,2,0,0
511570,1,1,2,1,1
511570,1,1,2,1,0
511570,1,1,2,1,1
511570,1,1,2,1,0
511570,2,1,1,1,1
511570,2,1,1,1,0
511571,1,2,1,1,0
511571,1,2,1,1,0
511571,2,1,2,0,1
511571,1,1,2,1,1
511572,2,1,2,0,1
511572,2,1,1,1,1
511572,1,1,1,2,0
511572,2,1,2,0,0
511572,2,1,1,1,0
511572,2,1,1,1,1
511573,1,1,1,2,0
511573,2,1,2,0,0
511573,1,1,2,1,1
511573,2,1,2,0,1
511575,1,1,1,2,0
511575,2,1,2,0,1
511575,1,1,1,2,0
511575,1,1,2,1,1
511575,2,1,2,0,0
511575,1,1,1,2,1
511576,2,1,2,0,0
511576,1,2,1,1,0
511576,2,1,2,0,1
511576,2,1,1,1,1
511577,1,1,2,1,0
511577,1,1,2,1,0
511577,1,2,1,1,1
511577,1,2,1,1,1
511579,1,1,2,1,0
511579,2,1,1,1,0
511579,2,1,2,0,1
511579,1,1,2,1,1
511579,1,1,2,1,1
511579,2,1,1,1,0
511580,1,1,1,2,1
511580,2,1,1,1,1
511580,1,1,2,1,0
511580,1,1,2,1,0
511581,1,1,1,2,1
511581,1,2,1,1,0
511581,1,2,1,1,1
511581,2,1,2,0,0
511581,1,2,1,1,1
511581,1,2,1,1,0
527576,2,1,1,1,1
527576,1,2,1,1,1
527576,2,2,1,0,0
527576,1,2,1,1,0
527577,2,1,1,1,0
527577,2,2,1,0,0
527577,2,1,1,1,1
527577,2,1,1,1,1
527579,1,2,1,1,0
527579,1,2,1,1,1
527579,1,2,1,1,1
527579,2,1,2,0,1
527579,1,0,1,3,0
527579,2,1,1,1,0
527580,2,1,2,0,1
527580,2,1,1,1,0
527580,2,1,1,1,1
527580,2,2,1,0,0
527580,2,1,1,1,1
527580,2,1,1,1,0
527581,1,2,1,1,1
527581,1,2,1,1,0
527581,1,2,1,1,1
527581,1,1,2,1,0
527581,2,1,1,1,1
527581,1,1,2,1,0
527582,2,1,1,1,0
527582,1,2,1,1,0
527582,1,2,1,1,0
527582,1,2,1,1,1
527582,2,1,1,1,1
527582,1,1,2,1,1
527582,2,1,1,1,1
527582,1,1,2,1,0
527583,1,1,2,1,1
527583,1,2,1,1,0
527583,1,1,2,1,1
527583,1,1,1,2,0
527583,2,1,1,1,1
527583,1,1,1,2,0
527584,2,1,1,1,0
527584,2,1,1,1,1
527584,2,1,1,1,1
527584,2,1,1,1,1
527584,2,1,1,1,0
527584,1,2,1,1,0
527585,1,1,2,1,1
527585,1,2,1,1,1
527585,1,1,2,1,0
527585,1,2,1,1,0
527586,1,1,1,2,0
527586,2,1,1,1,1
527586,2,2,1,0,0
527586,1,1,1,2,1
527586,1,1,1,2,0
527586,1,0,1,3,1
527587,2,2,1,0,1
527587,1,2,1,1,1
527587,2,1,1,1,0
527587,1,0,1,3,0
527588,1,1,2,1,0
527588,2,2,1,0,1
527588,1,2,1,1,0
527588,1,2,1,1,0
527588,1,1,2,1,1
527588,2,1,2,0,0
527588,1,1,2,1,1
527588,2,1,1,1,1
530354,2,1,1,1,0
530354,2,1,2,0,0
530354,1,1,1,2,1
530354,1,2,1,1,1
530355,1,2,1,1,0
530355,1,2,1,1,1
530355,1,1,2,1,0
530355,2,1,2,0,1
530355,1,2,1,1,0
530355,1,2,1,1,1
530356,2,1,1,1,1
530356,2,1,1,1,0
530356,2,1,1,1,0
530356,1,1,2,1,0
530356,1,1,1,2,1
530356,1,2,1,1,1
530357,2,2,1,0,1
530357,2,1,1,1,1
530357,2,1,2,0,0
530357,1,2,1,1,0
530358,1,1,2,1,0
530358,2,2,1,0,0
530358,2,1,1,1,1
530358,2,1,1,1,1
530359,2,1,1,1,0
530359,2,1,1,1,1
530359,2,1,1,1,0
530359,2,2,1,0,1
530359,1,2,1,1,0
530359,1,1,2,1,1
530360,2,1,1,1,0
530360,2,1,1,1,0
530360,1,1,1,2,1
530360,1,2,1,1,1
530361,2,1,1,1,0
530361,1,1,1,2,0
530361,2,2,1,0,1
530361,1,1,1,2,1
530362,2,2,1,0,1
530362,1,2,1,1,1
530362,1,1,2,1,0
530362,1,1,1,2,0
530363,1,1,2,1,1
530363,1,2,1,1,1
530363,1,1,2,1,0
530363,1,1,1,2,0
530363,1,2,1,1,0
530363,1,2,1,1,1
530364,2,2,1,0,0
530364,2,2,1,0,1
530364,1,2,1,1,0
530364,1,1,1,2,1
530364,1,1,2,1,1
530364,2,2,1,0,1
530364,1,1,1,2,0
530364,1,1,1,2,1
530364,1,1,1,2,0
530364,2,1,1,1,0
530365,1,1,1,2,1
530365,2,2,1,0,1
530365,1,2,1,1,1
530365,1,2,1,1,0
530365,1,1,2,1,0
530365,2,1,2,0,0
530365,1,2,1,1,0
530365,2,2,1,0,1
530902,2,1,1,1,1
530902,2,1,1,1,0
530902,2,1,1,1,1
530902,2,1,1,1,0
530902,1,2,1,1,1
530902,2,1,1,1,0
530903,1,2,1,1,0
530903,1,2,1,1,0
530903,2,1,1,1,1
530903,1,1,1,2,1
530904,1,2,1,1,1
530904,2,1,1,1,1
530904,1,1,2,1,0
530904,1,2,1,1,0
530904,2,2,1,0,0
530904,1,2,1,1,1
530905,2,2,1,0,1
530905,1,1,2,1,1
530905,2,1,2,0,0
530905,2,1,1,1,0
530906,2,1,1,1,0
530906,1,2,1,1,1
530906,2,1,1,1,0
530906,2,1,1,1,1
530906,1,1,1,2,0
530906,2,1,1,1,1
530907,1,1,2,1,1
530907,2,1,1,1,0
530907,1,1,1,2,1
530907,2,1,2,0,0
530907,2,1,2,0,1
530907,1,1,2,1,0
530908,1,1,1,2,0
530908,2,1,1,1,0
530908,1,1,2,1,1
530908,2,1,1,1,1
530909,1,2,1,1,0
530909,1,1,1,2,0
530909,2,1,1,1,1
530909,1,2,1,1,1
530910,1,1,2,1,1
530910,1,1,1,2,1
530910,2,2,1,0,0
530910,1,1,2,1,0
530911,2,1,1,1,0
530911,2,1,1,1,1
530911,2,1,1,1,0
530911,2,1,2,0,1
530911,2,1,1,1,0
530911,2,1,1,1,1
530912,2,1,2,0,1
530912,2,1,1,1,1
530912,2,1,1,1,1
530912,1,1,2,1,0
530912,2,1,1,1,0
530912,1,1,1,2,0
530912,2,1,1,1,0
530912,1,1,2,1,1
530913,1,1,1,2,1
530913,1,1,2,1,1
530913,2,1,2,0,1
530913,1,1,2,1,0
530913,2,1,2,0,0
530913,2,1,1,1,0
530924,1,1,3,0,1
530924,2,1,2,0,0
530924,1,1,2,1,1
530924,1,1,1,2,0
530924,2,1,1,1,1
530924,2,1,1,1,0
530925,1,1,2,1,1
530925,2,1,2,0,0
530925,1,1,2,1,1
530925,1,1,2,1,0
530925,2,1,2,0,1
530925,2,1,1,1,0
530926,2,1,2,0,1
530926,2,1,1,1,1
530926,2,1,1,1,0
530926,1,1,1,2,0
530926,2,0,3,0,0
530926,1,2,1,1,1
530927,2,1,2,0,1
530927,2,1,1,1,1
530927,2,1,1,1,0
530927,1,2,1,1,0
530928,1,1,3,0,1
530928,2,1,1,1,1
530928,1,2,1,1,0
530928,1,2,1,1,0
530929,1,1,2,1,0
530929,1,1,2,1,1
530929,1,1,2,1,0
530929,1,1,2,1,1
530929,2,1,1,1,0
530929,1,2,1,1,1
530930,2,1,1,1,0
530930,1,2,1,1,0
530930,2,1,1,1,1
530930,1,1,2,1,1
530931,2,1,1,1,1
530931,1,1,1,2,1
530931,1,2,1,1,0
530931,1,2,1,1,0
530932,1,1,3,0,0
530932,2,2,1,0,0
530932,2,1,1,1,1
530932,1,1,2,1,1
530932,2,1,2,0,1
530932,1,2,1,1,0
530933,1,1,2,1,1
530933,1,1,2,1,0
530933,1,1,2,1,1
530933,2,1,1,1,0
530933,1,1,1,2,1
530933,1,1,2,1,0
530934,1,1,3,0,0
530934,2,2,1,0,0
530934,2,1,1,1,0
530934,1,1,2,1,1
530934,2,1,1,1,1
530934,1,1,2,1,1
530935,2,1,1,1,0
530935,2,1,1,1,0
530935,1,1,2,1,0
530935,2,1,2,0,1
530935,1,2,1,1,1
530935,1,2,1,1,1
542195,2,2,1,0,1
542195,2,1,1,1,1
542195,2,1,2,0,0
542195,1,2,1,1,0
542196,2,1,1,1,0
542196,1,1,2,1,1
542196,1,1,2,1,1
542196,2,1,1,1,1
542196,2,1,1,1,0
542196,1,1,2,1,0
542197,1,1,2,1,1
542197,2,1,1,1,0
542197,1,1,2,1,0
542197,1,1,1,2,0
542197,1,2,1,1,1
542197,2,1,1,1,1
542198,2,1,2,0,1
542198,2,1,1,1,0
542198,2,1,1,1,0
542198,2,2,1,0,0
542198,2,1,1,1,1
542198,1,0,1,3,1
542199,1,1,2,1,1
542199,2,1,1,1,1
542199,1,1,2,1,0
542199,2,1,2,0,0
542200,2,1,1,1,0
542200,1,1,2,1,0
542200,2,1,2,0,1
542200,2,1,1,1,1
542201,1,1,2,1,1
542201,1,1,1,2,1
542201,1,1,2,1,0
542201,1,1,2,1,0
542202,1,1,2,1,1
542202,2,1,2,0,0
542202,2,1,1,1,1
542202,1,1,2,1,0
542202,2,2,1,0,1
542202,2,1,1,1,0
542203,2,1,1,1,0
542203,2,1,1,1,0
542203,1,1,2,1,1
542203,1,1,2,1,1
542203,2,2,1,0,1
542203,1,1,2,1,0
542204,1,1,2,1,1
542204,2,1,2,0,1
542204,1,1,2,1,0
542204,2,2,1,0,0
542205,1,2,1,1,1
542205,2,2,1,0,1
542205,1,1,2,1,0
542205,2,1,2,0,0
542207,1,2,1,1,0
542207,2,2,1,0,0
542207,2,1,1,1,1
542207,2,1,2,0,1
542208,2,2,1,0,0
542208,1,2,1,1,1
542208,1,2,1,1,0
542208,2,1,2,0,1
542208,2,1,1,1,0
542208,2,1,1,1,1
542209,2,2,1,0,0
542209,2,1,2,0,0
542209,1,1,2,1,1
542209,1,1,2,1,1
542209,2,2,1,0,1
542209,1,2,1,1,0
542210,1,2,1,1,1
542210,1,2,1,1,1
542210,1,1,2,1,0
542210,1,2,1,1,0
542211,1,1,1,2,0
542211,2,1,2,0,0
542211,2,1,1,1,1
542211,1,1,1,2,1
542212,1,2,1,1,0
542212,1,2,1,1,0
542212,1,2,1,1,1
542212,1,2,1,1,1
542213,1,2,1,1,0
542213,1,2,1,1,0
542213,1,1,1,2,1
542213,1,2,1,1,1
542214,1,2,1,1,0
542214,1,2,1,1,0
542214,1,1,2,1,1
542214,2,1,2,0,1
542215,2,1,2,0,1
542215,2,1,2,0,1
542215,1,2,1,1,0
542215,1,2,1,1,0
542264,1,2,1,1,1
542264,1,2,1,1,0
542264,1,2,1,1,0
542264,1,1,1,2,0
542264,2,1,1,1,1
542264,2,1,1,1,1
542265,1,1,1,2,0
542265,2,1,2,0,1
542265,2,1,2,0,0
542265,1,1,1,2,1
542265,1,2,1,1,0
542265,1,2,1,1,1
542266,2,1,2,0,1
542266,2,1,1,1,1
542266,2,1,1,1,0
542266,2,1,1,1,0
542267,1,1,2,1,0
542267,2,1,1,1,0
542267,2,1,1,1,1
542267,2,1,1,1,1
542268,2,1,2,0,0
542268,2,1,1,1,1
542268,2,1,1,1,1
542268,2,2,1,0,1
542268,1,2,1,1,0
542268,1,2,1,1,0
542269,1,1,2,1,0
542269,2,1,2,0,0
542269,2,1,1,1,1
542269,2,1,1,1,1
542269,2,1,2,0,1
542269,2,1,1,1,0
542270,1,1,2,1,0
542270,1,1,1,2,0
542270,2,1,1,1,1
542270,1,1,2,1,1
542272,1,1,2,1,1
542272,1,1,1,2,1
542272,2,1,1,1,0
542272,2,1,1,1,0
542272,1,2,1,1,0
542272,2,1,1,1,0
542272,1,1,2,1,0
542272,2,1,2,0,1
542272,2,1,1,1,1
542272,1,1,2,1,1
542273,1,2,1,1,1
542273,2,2,1,0,1
542273,1,2,1,1,0
542273,1,1,2,1,0
542273,1,1,2,1,0
542273,2,1,2,0,1
542274,1,1,2,1,0
542274,2,1,1,1,0
542274,2,1,1,1,1
542274,1,2,1,1,1
542274,2,2,1,0,1
542274,1,1,1,2,0
542276,1,2,1,1,1
542276,2,2,1,0,1
542276,1,2,1,1,0
542276,1,1,2,1,0
542276,2,2,1,0,0
542276,2,1,1,1,1
542277,1,1,1,2,1
542277,2,2,1,0,0
542277,1,2,1,1,1
542277,1,2,1,1,0
542277,2,2,1,0,1
542277,1,1,1,2,0
542278,1,2,1,1,1
542278,1,2,1,1,1
542278,1,1,1,2,0
542278,1,2,1,1,0
542279,2,2,1,0,0
542279,1,2,1,1,0
542279,1,2,1,1,0
542279,1,2,1,1,1
542279,2,1,2,0,1
542279,2,1,1,1,1
542279,2,1,1,1,1
542279,1,1,2,1,0
